"","user_id"
"1",2221
"2",2225
"3",2227
"4",2228
"5",376
"6",1495
"7",2207
"8",2220
"9",2229
"10",2716
"11",2867
"12",9160
"13",9161
"14",11972
"15",14434
"16",14439
"17",14442
"18",14431
"19",14433
"20",14436
"21",15465
"22",16758
"23",17744
"24",21898
"25",23554
"26",23556
"27",24067
"28",24069
"29",25993
"30",27877
"31",31446
"32",32025
"33",32028
"34",32031
"35",32864
"36",32867
"37",32868
"38",32869
"39",32896
"40",32906
"41",33012
"42",33129
"43",33355
"44",32295
"45",32852
"46",32865
"47",32874
"48",32876
"49",32878
"50",32880
"51",32888
"52",32932
"53",33092
"54",33130
"55",34395
"56",34398
"57",34448
"58",34540
"59",34642
"60",34237
"61",35850
"62",35753
"63",37388
"64",40135
"65",42213
"66",42231
"67",42260
"68",43104
"69",43301
"70",43303
"71",43308
"72",43319
"73",43321
"74",43326
"75",43332
"76",43343
"77",43348
"78",43352
"79",43354
"80",43366
"81",43369
"82",43372
"83",43374
"84",43379
"85",43385
"86",43386
"87",43391
"88",43393
"89",43412
"90",43413
"91",43414
"92",43415
"93",43422
"94",43424
"95",43436
"96",43441
"97",43444
"98",43445
"99",43459
"100",43470
"101",43473
"102",43476
"103",43484
"104",43490
"105",43491
"106",43496
"107",43502
"108",43639
"109",43684
"110",43725
"111",43730
"112",43737
"113",43739
"114",43740
"115",43746
"116",43748
"117",43753
"118",43757
"119",43780
"120",43782
"121",43787
"122",43789
"123",43798
"124",43799
"125",43800
"126",43802
"127",43804
"128",43807
"129",43809
"130",43812
"131",43813
"132",43814
"133",43815
"134",43816
"135",43817
"136",43823
"137",43835
"138",43837
"139",43839
"140",43842
"141",43845
"142",43855
"143",43857
"144",43863
"145",43867
"146",43872
"147",43877
"148",43879
"149",43881
"150",43884
"151",43890
"152",43896
"153",43899
"154",43900
"155",43902
"156",43905
"157",43907
"158",43915
"159",43917
"160",43919
"161",43923
"162",43931
"163",43932
"164",43934
"165",43935
"166",43941
"167",43942
"168",43943
"169",43956
"170",43959
"171",43967
"172",43971
"173",43972
"174",43976
"175",43982
"176",43984
"177",43989
"178",43997
"179",44004
"180",44006
"181",44015
"182",44017
"183",44021
"184",44037
"185",44063
"186",44066
"187",44080
"188",44087
"189",44095
"190",44157
"191",40583
"192",45509
"193",45883
"194",45884
"195",45894
"196",45908
"197",46100
"198",46157
"199",43266
"200",43270
"201",43280
"202",43287
"203",43292
"204",43300
"205",43306
"206",43309
"207",43311
"208",43313
"209",43325
"210",43329
"211",43333
"212",43340
"213",43362
"214",43371
"215",43376
"216",43380
"217",43382
"218",43383
"219",43390
"220",43392
"221",43395
"222",43400
"223",43403
"224",43404
"225",43405
"226",43407
"227",43408
"228",43410
"229",43432
"230",43434
"231",43438
"232",43443
"233",43447
"234",43455
"235",43457
"236",43460
"237",43461
"238",43464
"239",43467
"240",43468
"241",43469
"242",43474
"243",43478
"244",43479
"245",43481
"246",43483
"247",43633
"248",43717
"249",43718
"250",43724
"251",43727
"252",43731
"253",43738
"254",43744
"255",43745
"256",43747
"257",43749
"258",43751
"259",43752
"260",43755
"261",43760
"262",43762
"263",43766
"264",43768
"265",43771
"266",43775
"267",43778
"268",43781
"269",43784
"270",43790
"271",43792
"272",43793
"273",43796
"274",43801
"275",43803
"276",43808
"277",43810
"278",43811
"279",43818
"280",43819
"281",43822
"282",43824
"283",43826
"284",43829
"285",43831
"286",43832
"287",43833
"288",43834
"289",43844
"290",43846
"291",43847
"292",43849
"293",43850
"294",43856
"295",43858
"296",43862
"297",43874
"298",43875
"299",43876
"300",43882
"301",43887
"302",43898
"303",43904
"304",43910
"305",43912
"306",43920
"307",43921
"308",43922
"309",43924
"310",43926
"311",43927
"312",43928
"313",43929
"314",43940
"315",43945
"316",43946
"317",43952
"318",43955
"319",43962
"320",43965
"321",43969
"322",43986
"323",43990
"324",43995
"325",43996
"326",43999
"327",44009
"328",44016
"329",44018
"330",44036
"331",44045
"332",44050
"333",44058
"334",44074
"335",44082
"336",44130
"337",44210
"338",44524
"339",44606
"340",44620
"341",44914
"342",44985
"343",45049
"344",45109
"345",45281
"346",45284
"347",45346
"348",45670
"349",45764
"350",45886
"351",45887
"352",45896
"353",48350
"354",46228
"355",46238
"356",46381
"357",48421
"358",50735
"359",51053
"360",51575
"361",51659
"362",51702
"363",51744
"364",51759
"365",51791
"366",47762
"367",52943
"368",53056
"369",53062
"370",53066
"371",53067
"372",53100
"373",48605
"374",50620
"375",50695
"376",56992
"377",51046
"378",61586
"379",62499
"380",51320
"381",51416
"382",51518
"383",53064
"384",53068
"385",66645
"386",53778
"387",53790
"388",69318
"389",69345
"390",69360
"391",69457
"392",70027
"393",71007
"394",71712
"395",72136
"396",55374
"397",57378
"398",58176
"399",58565
"400",58715
"401",58831
"402",74929
"403",74937
"404",75205
"405",75244
"406",75583
"407",75686
"408",75703
"409",77373
"410",81550
"411",83025
"412",66582
"413",68795
"414",69268
"415",69347
"416",69361
"417",69562
"418",70432
"419",70532
"420",71190
"421",71346
"422",71490
"423",71943
"424",85941
"425",91608
"426",92904
"427",95049
"428",95794
"429",97755
"430",74860
"431",75320
"432",75959
"433",76977
"434",77266
"435",78146
"436",79503
"437",81158
"438",81308
"439",82836
"440",83405
"441",83680
"442",84685
"443",96864
"444",24
"445",27
"446",30
"447",34
"448",37
"449",51
"450",58
"451",299
"452",301
"453",814
"454",885
"455",970
"456",1224
"457",1227
"458",1443
"459",2491
"460",2990
"461",11496
"462",17265
"463",20865
"464",30388
"465",30904
"466",31946
"467",81255
"468",1
"471",23
"474",7
"477",12
"478",6
"483",17
"484",4
"486",16
"487",28
"488",22
"489",27665
"490",21
"492",31
"493",33
"494",19
"496",29
"497",15
"498",3
"499",2
"500",8
"510",13
"511",20
"512",515
"518",10
"520",25
"521",9
"533",16752
"536",18
"537",5
"539",61
"540",32
"549",36
"551",79807
"552",74
"554",41315
"555",1251
"557",11043
"559",396
"561",14
"563",495
"564",432
"565",1295
"566",17073
"570",62656
"571",11
"573",451
